{
  "means": {
    "km_driven": 69314.9220731257,
    "engine": 1452.945340391481,
    "max_power": 91.26652037424597,
    "mileage": 19.416794287824693,
    "seats": 5.405392096516065,
    "car_age": 11.190323772005417
  },
  "scales": {
    "km_driven": 47631.65278350935,
    "engine": 498.213833335241,
    "max_power": 35.37905600102615,
    "mileage": 3.982311738936447,
    "seats": 0.9489002314077347,
    "car_age": 4.029678148024812
  },
  "columns": [
    "km_driven",
    "engine",
    "max_power",
    "mileage",
    "seats",
    "car_age"
  ]
}